{"cameraMode":{"drawMode":0,"name":"Shaded","section":"Shading Mode"},"sceneLighting":true,"audioPlay":false,"sceneViewState":{"m_AlwaysRefresh":false,"showFog":true,"showSkybox":true,"showFlares":true,"showImageEffects":true,"showParticleSystems":true,"showVisualEffectGraphs":true,"m_FxEnabled":true},"in2DMode":false,"pivot":{"x":16.467639923095704,"y":-19.288555145263673,"z":232.50035095214845},"rotation":{"x":-0.17622371017932893,"y":-0.803221583366394,"z":0.28865545988082888,"w":-0.49036526679992678},"size":202.7623748779297,"orthographic":false}